patient_id,days to last followup,days to death,days to new tumor event after initial treatment,vital status,days to last known alive,tp53_mutation,tp53_expression
3807,333|333|1054,unknown|unknown|unknown,unknown,Alive|Alive|Alive,unknown,Nonsense_Mutation,
3862,31|914,unknown|unknown,unknown,Alive|Alive,unknown,Missense_Mutation,
2672,503|503|696|1419,unknown|unknown|unknown|unknown,unknown,Alive|Alive|Alive|Alive,unknown,#N/A,
A54L,158|525,unknown|unknown,396,Alive|Alive,unknown,Frame_Shift_Del,
3525,0|245,unknown|unknown,unknown,Alive|Alive,unknown,#N/A,
3975,30|1036,unknown|unknown,unknown,Alive|Alive,unknown,Missense_Mutation,
6538,246|521,unknown|unknown,unknown,Alive|Alive,unknown,Missense_Mutation,
6548,3|650,unknown|unknown,unknown,Alive|Alive,unknown,Missense_Mutation,
6888,155|unknown,unknown|472,343,Alive|Dead,unknown,Missense_Mutation,
3869,0|unknown,unknown|822,unknown,Alive|Dead,unknown,#N/A,
6930,46|406,unknown|unknown,unknown,Alive|Alive,unknown,#N/A,
3519,0|276,unknown|unknown,unknown,Alive|Alive,unknown,#N/A,
3685,31|1127,unknown|unknown,unknown,Alive|Alive,unknown,Missense_Mutation,
6586,741|1089,unknown|unknown,unknown,Alive|Alive,unknown,Nonsense_Mutation,
A004,31|424,unknown|unknown,unknown,Alive|Alive,unknown,#N/A,
3860,0|945,unknown|unknown,unknown,Alive|Alive,unknown,Frame_Shift_Del,
3846,31|518,unknown|unknown,unknown,Alive|Alive,unknown,#N/A,
3976,0|791,unknown|unknown,unknown,Alive|Alive,unknown,Nonsense_Mutation,
A02O,28,unknown,unknown,Alive,unknown,#N/A,
3837,31|1186,unknown|unknown,unknown,Alive|Alive,unknown,#N/A,
6163,90|427|90,unknown|unknown|unknown,unknown,Alive|Alive|Alive,unknown,Missense_Mutation,
6895,22|763,unknown|unknown,unknown,Alive|Alive,unknown,#N/A,
6459,0|unknown,unknown|262,unknown,Alive|Dead,unknown,Missense_Mutation,
6717,10|388,unknown|unknown,unknown,Alive|Alive,unknown,#N/A,
3681,0|182,unknown|unknown,unknown,Alive|Alive,unknown,Missense_Mutation,
6532,107|555,unknown|unknown,unknown,Alive|Alive,unknown,Missense_Mutation,
3696,0|unknown,unknown|153,unknown,Alive|Dead,unknown,#N/A,
4315,1334|1776,unknown|unknown,unknown,Alive|Alive,unknown,#N/A,
6704,47,unknown,unknown,Alive,unknown,#N/A,
6138,182|280|685,unknown|unknown|unknown,unknown,Alive|Alive|Alive,unknown,#N/A,
A02W,31|1247,unknown|unknown,1005,Alive|Alive,unknown,Nonsense_Mutation,
4615,506|1002,unknown|unknown,688,Alive|Alive,unknown,#N/A,
5537,456|unknown,unknown|1381,722,Alive|Dead,unknown,#N/A,
A02R,unknown,670,unknown,Dead,unknown,#N/A,
3872,0,unknown,unknown,Alive,unknown,#N/A,
5821,28|unknown,unknown|unknown,unknown,Alive|unknown,unknown,Missense_Mutation,
3697,30|2587,unknown|unknown,unknown,Alive|Alive,unknown,#N/A,
5543,230|479|1004,unknown|unknown|unknown,unknown,Alive|Alive|Alive,unknown,Nonsense_Mutation,
A1DA,228|228,228|228,unknown,Dead|Dead,228,Missense_Mutation,
3517,0|1186,unknown|unknown,821,Alive|Alive,unknown,#N/A,
2681,552|552|671|1387,unknown|unknown|unknown|unknown,1150,Alive|Alive|Alive|Alive,unknown,Missense_Mutation,
3994,0|822,unknown|unknown,unknown,Alive|Alive,unknown,#N/A,
3941,31|730,unknown|unknown,unknown,Alive|Alive,unknown,In_Frame_Del,
6608,unknown|unknown,59|59,unknown,Dead|Dead,unknown,Frame_Shift_Ins,
3542,0|395,unknown|unknown,unknown,Alive|Alive,unknown,#N/A,
4746,699|699|1126,unknown|unknown|unknown,unknown,Alive|Alive|Alive,unknown,#N/A,
2678,437|437|781|1286,unknown|unknown|unknown|unknown,unknown,Alive|Alive|Alive|Alive,unknown,#N/A,
5656,462|462|1001,unknown|unknown|unknown,unknown,Alive|Alive|Alive,unknown,Missense_Mutation,
3842,31|1126,unknown|unknown,396,Alive|Alive,unknown,Frame_Shift_Del,
6965,6|805,unknown|unknown,648,Alive|Alive,unknown,Nonsense_Mutation,
A1D7,unknown|405|405|405,unknown|405|405|405,80|154|80,unknown|Dead|Dead|Dead,0,Missense_Mutation,
3809,314|314|996,unknown|unknown|unknown,unknown,Alive|Alive|Alive,unknown,#N/A,
A00N,unknown,122,unknown,Dead,unknown,#N/A,
3814,0,unknown,unknown,Alive,unknown,Missense_Mutation,
3675,31|1431,unknown|unknown,unknown,Alive|Alive,unknown,#N/A,
6321,572|672,unknown|unknown,unknown,Alive|Alive,unknown,#N/A,
5862,unknown|unknown|unknown,153|153|153,31,Dead|Dead|Dead,unknown,Missense_Mutation,
3930,0|unknown,unknown|61,unknown,Alive|Dead,unknown,#N/A,
A02F,31|1216,unknown|unknown,unknown,Alive|Alive,unknown,Missense_Mutation,
3531,0|1035,unknown|unknown,unknown,Alive|Alive,unknown,#N/A,
6299,2077|2268,unknown|unknown,unknown,Alive|Alive,unknown,#N/A,
3489,31|unknown,unknown|214,unknown,Alive|Dead,unknown,#N/A,
A1D4,2821|2821,2821|2821,1920,Dead|Dead,2821,Missense_Mutation,
4684,1705|1977,unknown|unknown,411,Alive|Alive,unknown,#N/A,
6311,1112|1199,unknown|unknown,unknown,Alive|Alive,unknown,Frame_Shift_Del,
6806,20|481|900|1260,unknown|unknown|unknown|unknown,336|613|1132,Alive|Alive|Alive|Alive,unknown,#N/A,
5657,367|367|962,unknown|unknown|unknown,unknown,Alive|Alive|Alive,unknown,#N/A,
6718,3|unknown,unknown|306,207,Alive|Dead,unknown,Nonsense_Mutation,
A017,31|457,unknown|unknown,unknown,Alive|Alive,unknown,Missense_Mutation,
6628,1606|1595|2424,unknown|unknown|unknown,unknown,Alive|Alive|Alive,unknown,#N/A,
3664,0|1643,unknown|unknown,unknown,Alive|Alive,unknown,#N/A,
A28C,2475|2475,2475|2475,1929,Dead|Dead,unknown,#N/A,
3673,0|1522,unknown|unknown,unknown,Alive|Alive,unknown,#N/A,
5912,1466|unknown,unknown|1493,unknown,Alive|Dead,unknown,#N/A,
A022,0,unknown,unknown,Alive,unknown,#N/A,
A28F,1094|1094,1094|1094,unknown,Dead|Dead,unknown,Missense_Mutation,
6569,0|409|1087,unknown|unknown|unknown,unknown,Alive|Alive|Alive,unknown,#N/A,
A00E,0|913,unknown|unknown,unknown,Alive|Alive,unknown,#N/A,
6890,24|746,unknown|unknown,unknown,Alive|Alive,unknown,#N/A,
3715,30|unknown,unknown|579,153,Alive|Dead,unknown,#N/A,
3543,0|30,unknown|unknown,unknown,Alive|Alive,unknown,#N/A,
AB45,2038|2130,unknown|unknown,unknown,Alive|Alive,unknown,#N/A,
6530,271|621,unknown|unknown,unknown,Alive|Alive,unknown,#N/A,
6606,unknown|unknown,357|357,unknown,Dead|Dead,unknown,Missense_Mutation,
6322,547|792,unknown|unknown,789,Alive|Alive,unknown,#N/A,
3956,0|1035,unknown|unknown,unknown,Alive|Alive,unknown,#N/A,
A97D,295|666,unknown|unknown,unknown,Alive|Alive,unknown,#N/A,
4616,unknown|unknown,156|156,unknown,Dead|Dead,unknown,Missense_Mutation,
6539,145|380,unknown|unknown,unknown,Alive|Alive,unknown,#N/A,
5540,198|411|1706,unknown|unknown|unknown,unknown,Alive|Alive|Alive,unknown,#N/A,
6460,0|407|unknown,unknown|unknown|972,313,Alive|Alive|Dead,unknown,Missense_Mutation,
3680,0|unknown,unknown|335,unknown,Alive|Dead,unknown,#N/A,
AAT4,unknown|unknown,49|49,unknown,Dead|Dead,unknown,Missense_Mutation,
A5YX,526|1003,unknown|unknown,unknown,Alive|Alive,unknown,Missense_Mutation,
3693,0,unknown,unknown,Alive,unknown,Missense_Mutation,
3552,0|unknown,unknown|396,122,Alive|Dead,unknown,#N/A,
6599,unknown|unknown,206|206,unknown,Dead|Dead,unknown,#N/A,
3811,30|unknown,unknown|306,unknown,Alive|Dead,unknown,#N/A,
6782,164|189|617,unknown|unknown|unknown,unknown,Alive|Alive|Alive,unknown,#N/A,
6675,153|153|397,unknown|unknown|unknown,337,Alive|Alive|Alive,unknown,#N/A,
A0X9,3429|3641,unknown|unknown,unknown,Alive|Alive,unknown,#N/A,
6603,unknown|unknown,899|899,unknown,Dead|Dead,unknown,#N/A,
3532,0|882,unknown|unknown,unknown,Alive|Alive,unknown,#N/A,
A8FL,921|1177,unknown|unknown,256|256,Alive|Alive,unknown,Missense_Mutation,
3712,0,unknown,unknown,Alive,unknown,Missense_Mutation,
3522,0|1127,unknown|unknown,unknown,Alive|Alive,unknown,#N/A,
6463,0|415|1087,unknown|unknown|unknown,unknown,Alive|Alive|Alive,unknown,#N/A,
A01F,31|974,unknown|unknown,unknown,Alive|Alive,unknown,#N/A,
3855,0|975,unknown|unknown,unknown,Alive|Alive,unknown,#N/A,
4947,534|unknown|534,unknown|unknown|unknown,21,Alive|Alive|Alive,unknown,#N/A,
6856,20|591|1074,unknown|unknown|unknown,unknown,Alive|Alive|Alive,unknown,Nonsense_Mutation,
A5YV,821|1301,unknown|unknown,unknown,Alive|Alive,unknown,Missense_Mutation,
6678,122|122|335,unknown|unknown|unknown,0,Alive|Alive|Alive,unknown,#N/A,
6901,31|unknown,unknown|682,468,Alive|Dead,unknown,Missense_Mutation,
A0XF,unknown|unknown,1162|1162,unknown,Dead|Dead,unknown,#N/A,
6142,134|368|763,unknown|unknown|unknown,654,Alive|Alive|Alive,unknown,#N/A,
6748,61|unknown|61,unknown|unknown|unknown,unknown,Alive|Alive|Alive,unknown,#N/A,
3544,0|426,unknown|unknown,unknown,Alive|Alive,unknown,#N/A,
A00K,31|549,unknown|unknown,unknown,Alive|Alive,unknown,#N/A,
5341,183|273|579|884,unknown|unknown|unknown|unknown,unknown,Alive|Alive|Alive|Alive,unknown,#N/A,
A8F7,158|543,unknown|unknown,unknown,Alive|Alive,unknown,#N/A,
3949,30|791,unknown|unknown,unknown,Alive|Alive,unknown,#N/A,
6588,644|796,unknown|unknown,unknown,Alive|Alive,unknown,#N/A,
3555,30|911,unknown|unknown,91,Alive|Alive,unknown,#N/A,
AAT6,unknown|unknown,290|290,219|219,Dead|Dead,unknown,#N/A,
3979,0|730,unknown|unknown,unknown,Alive|Alive,unknown,#N/A,
4682,unknown|unknown,680|680,unknown,Dead|Dead,unknown,#N/A,
6926,95|275,unknown|unknown,unknown,Alive|Alive,unknown,Missense_Mutation,
A00W,30|456,unknown|unknown,unknown,Alive|Alive,unknown,#N/A,
4752,123|123|396,unknown|unknown|unknown,unknown,Alive|Alive|Alive,unknown,#N/A,
3526,30|580,unknown|unknown,unknown,Alive|Alive,unknown,#N/A,
6898,45|229,unknown|unknown,unknown,Alive|Alive,unknown,#N/A,
6648,253|344|766,unknown|unknown|unknown,686,Alive|Alive|Alive,unknown,#N/A,
5915,0|0,unknown|unknown,unknown,Alive|Alive,unknown,#N/A,
3844,28|454,unknown|unknown,365,Alive|Alive,unknown,#N/A,
6294,unknown|unknown,858|858,517,Dead|Dead,unknown,Missense_Mutation,
AA1B,154|349|475,unknown|unknown|unknown,unknown,Alive|Alive|Alive,unknown,#N/A,
6309,1386|1574|2600,unknown|unknown|unknown,2176,Alive|Alive|Alive,unknown,#N/A,
4681,2180|2549|3247,unknown|unknown|unknown,unknown,Alive|Alive|Alive,unknown,Missense_Mutation,
A1DB,1348|1348,1348|1348,unknown,Dead|Dead,1348,Missense_Mutation,
A6GC,40|389,unknown|unknown,unknown,Alive|Alive,unknown,#N/A,
2686,488|488|unknown,unknown|unknown|1126,unknown,Alive|Alive|Dead,unknown,#N/A,
6535,10|460,unknown|unknown,unknown,Alive|Alive,unknown,#N/A,
6780,87|354|612,unknown|unknown|unknown,unknown,Alive|Alive|Alive,unknown,#N/A,
6601,unknown|unknown,3042|3042,2270,Dead|Dead,unknown,#N/A,
5861,335|335|457,unknown|unknown|unknown,335,Alive|Alive|Alive,unknown,#N/A,
A282,4122|4233,unknown|unknown,unknown,Alive|Alive,unknown,#N/A,
6929,146|408,unknown|unknown,unknown,Alive|Alive,unknown,#N/A,
3678,0|1430,unknown|unknown,unknown,Alive|Alive,unknown,#N/A,
5407,1395|1868|2683,unknown|unknown|unknown,unknown,Alive|Alive|Alive,unknown,Missense_Mutation,
6304,1631|1631,unknown|unknown,859,Alive|Alive,unknown,#N/A,
A8YK,209|573,unknown|unknown,unknown,Alive|Alive,unknown,#N/A,
A01V,31,unknown,unknown,Alive,unknown,#N/A,
2685,464|464|1133,unknown|unknown|unknown,948,Alive|Alive|Alive,unknown,Nonsense_Mutation,
A01P,0|unknown,unknown|1158,762,Alive|Dead,unknown,#N/A,
5256,0|65|379,unknown|unknown|unknown,unknown,Alive|Alive|Alive,unknown,#N/A,
A28M,2775|2895,unknown|unknown,unknown,Alive|Alive,unknown,#N/A,
3947,30|1004,unknown|unknown,unknown,Alive|Alive,unknown,#N/A,
6963,3|834,unknown|unknown,unknown,Alive|Alive,unknown,#N/A,
2682,unknown|unknown,424|424,381,Dead|Dead,unknown,#N/A,
4107,231|231|987,unknown|unknown|unknown,unknown,Alive|Alive|Alive,unknown,#N/A,
3516,0|unknown,unknown|396,unknown,Alive|Dead,unknown,#N/A,
A00J,0|549,unknown|unknown,unknown,Alive|Alive,unknown,#N/A,
3851,0|1006,unknown|unknown,unknown,Alive|Alive,unknown,Missense_Mutation,
3867,0|731,unknown|unknown,394,Alive|Alive,unknown,#N/A,
4747,244|244|761,unknown|unknown|unknown,unknown|unknown,Alive|Alive|Alive,unknown,#N/A,
A5YW,399|896,unknown|unknown,unknown,Alive|Alive,unknown,Splice_Site,
3520,0|731,unknown|unknown,unknown,Alive|Alive,unknown,#N/A,
6932,19|346,unknown|unknown,unknown,Alive|Alive,unknown,#N/A,
A28H,3423|3561,unknown|unknown,484,Alive|Alive,unknown,#N/A,
3524,0|1096,unknown|unknown,unknown,Alive|Alive,unknown,#N/A,
6197,113|423|652,unknown|unknown|unknown,unknown,Alive|Alive|Alive,unknown,#N/A,
3848,30|unknown,unknown|306,unknown,Alive|Dead,unknown,#N/A,
6626,unknown|unknown,1422|1422,unknown,Dead|Dead,unknown,#N/A,
5661,306|306|1020,unknown|unknown|unknown,unknown,Alive|Alive|Alive,unknown,#N/A,
6570,0|unknown,unknown|188,unknown,Alive|Dead,unknown,#N/A,
6600,unknown|unknown,368|unknown,unknown,Dead|Dead,unknown,#N/A,
3496,31,unknown,unknown,Alive,unknown,#N/A,
6922,134|308,unknown|unknown,unknown,Alive|Alive,unknown,Missense_Mutation,
6317,894|1095,unknown|unknown,592,Alive|Alive,unknown,#N/A,
6166,424|424|669,unknown|unknown|unknown,unknown,Alive|Alive|Alive,unknown,#N/A,
3495,31|1127,unknown|unknown,unknown,Alive|Alive,unknown,#N/A,
6536,287|543,unknown|unknown,493|493,Alive|Alive,unknown,#N/A,
3506,0|1765,unknown|unknown,unknown,Alive|Alive,unknown,#N/A,
4105,unknown|unknown,442|442,364,Dead|Dead,unknown,#N/A,
4323,unknown|unknown,43|43,unknown,Dead|Dead,unknown,#N/A,
5539,30|596,unknown|unknown,579,Alive|Alive,unknown,#N/A,
5916,unknown|unknown,643|643,292,Dead|Dead,unknown,#N/A,
3852,unknown,0,unknown,Dead,unknown,#N/A,
2675,515|846|1321,unknown|unknown|unknown,unknown,Alive|Alive|Alive,unknown,#N/A,
3521,unknown,unknown,unknown,Alive,unknown,#N/A,
6537,137|unknown,unknown|146,123,Alive|Dead,unknown,#N/A,
3967,0|943,unknown|unknown,unknown,Alive|Alive,unknown,#N/A,
5914,669|unknown,unknown|unknown,unknown,Alive|Alive,unknown,Missense_Mutation,
6534,241|1316,unknown|unknown,unknown,Alive|Alive,unknown,#N/A,
3864,0|1612,unknown|unknown,unknown,Alive|Alive,unknown,#N/A,
2680,522|522|704|1068,unknown|unknown|unknown|unknown,unknown,Alive|Alive|Alive|Alive,unknown,#N/A,
6649,147|328|735,unknown|unknown|unknown,unknown,Alive|Alive|Alive,unknown,#N/A,
A92H,0|362,unknown|unknown,81,Alive|Alive,unknown,#N/A,
6809,39|unknown,unknown|403,unknown,Alive|Dead,unknown,#N/A,
A69D,168|543,unknown|unknown,unknown,Alive|Alive,unknown,#N/A,
3561,0|424,unknown|unknown,unknown,Alive|Alive,unknown,#N/A,
3779,441|unknown,unknown|unknown,unknown,Alive|Alive,unknown,#N/A,
3558,0|638,unknown|unknown,92,Alive|Alive,unknown,#N/A,
AATE,1200|1200,unknown|unknown,810|810,Alive|Alive,unknown,#N/A,
A03F,0|unknown,unknown|549,unknown,Alive|Dead,unknown,#N/A,
A00D,31|578,unknown|unknown,unknown,Alive|Alive,unknown,#N/A,
5254,5|68|386,unknown|unknown|unknown,unknown,Alive|Alive|Alive,unknown,#N/A,
6314,1031|1093|1093,unknown|unknown|unknown,38|605,Alive|Alive|Alive,unknown,#N/A,
6899,48|unknown,unknown|176,unknown,Alive|Dead,unknown,#N/A,
5666,244|362|719|995,unknown|unknown|unknown|unknown,509|970,Alive|Alive|Alive|Alive,unknown,#N/A,
3831,0|547,unknown|unknown,unknown,Alive|Alive,unknown,#N/A,
6171,182|182|427,unknown|unknown|unknown,unknown,Alive|Alive|Alive,unknown,#N/A,
3538,0|791,unknown|unknown,unknown,Alive|Alive,unknown,#N/A,
A1D9,3920|4270,unknown|unknown,unknown,Alive|Alive,3920,#N/A,
A5EJ,0,unknown,unknown,Alive,unknown,#N/A,
3672,0|28,unknown|unknown,unknown,Alive|Alive,unknown,#N/A,
4952,475|unknown|475,unknown|unknown|unknown,unknown,Alive|Alive|Alive,unknown,#N/A,
A00F,0|1035,unknown|unknown,unknown,Alive|Alive,unknown,#N/A,
A93T,8|146,unknown|unknown,unknown,Alive|Alive,unknown,#N/A,
2676,447|447|711|unknown,unknown|unknown|unknown|1305,unknown,Alive|Alive|Alive|Dead,unknown,#N/A,
5664,362|362|672,unknown|unknown|unknown,183|643,Alive|Alive|Alive,unknown,#N/A,
3548,0|1034,unknown|unknown,unknown,Alive|Alive,unknown,#N/A,
6781,158|293|598,unknown|unknown|unknown,unknown,Alive|Alive|Alive,unknown,#N/A,
6650,173|278|627,unknown|unknown|unknown,unknown,Alive|Alive|Alive,unknown,#N/A,
AA8H,160|349|385,unknown|unknown|unknown,unknown,Alive|Alive|Alive,unknown,#N/A,
5344,304|304|488|670,unknown|unknown|unknown|unknown,unknown,Alive|Alive|Alive|Alive,unknown,#N/A,
3821,0|31,unknown|unknown,unknown,Alive|Alive,unknown,#N/A,
3950,31|730,unknown|unknown,unknown,Alive|Alive,unknown,#N/A,
6137,195|348|824,unknown|unknown|unknown,unknown,Alive|Alive|Alive,unknown,#N/A,
3986,30|580,unknown|unknown,unknown,Alive|Alive,unknown,#N/A,
A285,unknown|unknown,179|179,unknown,Dead|Dead,unknown,#N/A,
A00L,31|1157,unknown|unknown,unknown,Alive|Alive,unknown,#N/A,
A6GB,170|476,unknown|unknown,unknown,Alive|Alive,unknown,#N/A,
6298,unknown|unknown,715|715,291,Dead|Dead,unknown,#N/A,
5868,304|426|518,unknown|unknown|unknown,unknown,Alive|Alive|Alive,unknown,#N/A,
6719,41|435,unknown|unknown,354,Alive|Alive,unknown,#N/A,
A1HA,3924|4000,unknown|unknown,unknown,Alive|Alive,3924,#N/A,
3973,0|397,unknown|unknown,unknown,Alive|Alive,unknown,#N/A,
3510,31|1946,unknown|unknown,unknown,Alive|Alive,unknown,#N/A,
6923,43|378,unknown|unknown,unknown,Alive|Alive,unknown,#N/A,
A566,unknown|unknown,758|758,257|257,Dead|Dead,unknown,#N/A,
4948,3116|unknown|4502,unknown|unknown|unknown,unknown,Alive|Alive|Alive,unknown,#N/A,
4950,1227|unknown|2599,unknown|unknown|unknown,unknown,Alive|Alive|Alive,unknown,#N/A,
4071,unknown|unknown,29|29,unknown,Dead|Dead,unknown,#N/A,
6315,937|1117|1883,unknown|unknown|unknown,unknown,Alive|Alive|Alive,unknown,#N/A,
5348,393|393|668|699,unknown|unknown|unknown|unknown,unknown,Alive|Alive|Alive|Alive,unknown,#N/A,
6703,56|1091|665|1456,unknown|unknown|unknown|unknown,unknown,Alive|Alive|Alive|Alive,unknown,#N/A,
6293,3203|3275|4051,unknown|unknown|unknown,unknown,Alive|Alive|Alive,unknown,#N/A,
4614,unknown|unknown,172|172,unknown,Dead|Dead,unknown,#N/A,
A5Z2,449|952,unknown|unknown,unknown,Alive|Alive,unknown,#N/A,
A02J,unknown,153,unknown,Dead,unknown,#N/A,
A288,427|427|427,427|427|427,320|320,Dead|Dead|Dead,unknown,#N/A,
6715,2|383,unknown|unknown,unknown,Alive|Alive,unknown,#N/A,
A03J,0|1246,unknown|unknown,unknown,Alive|Alive,unknown,#N/A,
A28K,2835|2988,unknown|unknown,unknown,Alive|Alive,unknown,#N/A,
6540,186|491,unknown|unknown,unknown,Alive|Alive,unknown,#N/A,
A1D8,383|383,383|383,unknown,Dead|Dead,383,#N/A,
4751,607|607|822,unknown|unknown|unknown,unknown,Alive|Alive|Alive,unknown,#N/A,
3562,31|608,unknown|unknown,unknown,Alive|Alive,unknown,#N/A,
6746,0|0|unknown,unknown|unknown|unknown,unknown,Alive|Alive|Alive,unknown,#N/A,
3989,0|unknown,unknown|242,unknown,Alive|Dead,unknown,#N/A,
6920,112|377,unknown|unknown,unknown,Alive|Alive,unknown,#N/A,
6306,1359|1359,unknown|unknown,unknown,Alive|Alive,unknown,#N/A,
A01Q,31,unknown,unknown,Alive,unknown,#N/A,
A01Z,0|1126,unknown|unknown,1126,Alive|Alive,unknown,#N/A,
3968,0|669,unknown|unknown,unknown,Alive|Alive,unknown,#N/A,
A01S,31,unknown,unknown,Alive,unknown,#N/A,
A02H,unknown,61,unknown,Dead,unknown,#N/A,
3952,unknown,61,unknown,Dead,unknown,#N/A,
3679,30|457,unknown|unknown,unknown,Alive|Alive,unknown,#N/A,
4951,1492|2134,unknown|2134,480,Alive|Dead,unknown,#N/A,
A56B,1595|unknown,unknown|1711,1678,Alive|Dead,unknown,#N/A,
A280,236|236,236|236,unknown,Dead|Dead,unknown,#N/A,
A28G,1849|1849,1849|1849,unknown,Dead|Dead,unknown,#N/A,
3841,0|1124,unknown|unknown,unknown,Alive|Alive,unknown,#N/A,
5796,12|99|377,unknown|unknown|unknown,unknown,Alive|Alive|Alive,unknown,#N/A,
3812,0|1066,unknown|unknown,762,Alive|Alive,unknown,#N/A,
3858,0|945,unknown|unknown,unknown,Alive|Alive,unknown,#N/A,
A567,unknown|unknown,1881|1881,612|1069,Dead|Dead,unknown,#N/A,
3875,0|549,unknown|unknown,unknown,Alive|Alive,unknown,#N/A,
3970,0|1096,unknown|unknown,unknown,Alive|Alive,unknown,#N/A,
3660,31|2375,unknown|unknown,unknown,Alive|Alive,unknown,#N/A,
3939,30|395,unknown|unknown,unknown,Alive|Alive,unknown,#N/A,
6625,2673|2792,unknown|unknown,2564,Alive|Alive,unknown,#N/A,
A024,61|unknown,unknown|1188,unknown,Alive|Dead,unknown,#N/A,
5403,unknown|unknown,1910|1910,304,Dead|Dead,unknown,#N/A,
7000,41|312,unknown|unknown,unknown,Alive|Alive,unknown,#N/A,
3549,0|639,unknown|unknown,unknown,Alive|Alive,unknown,#N/A,
3502,31|1065,unknown|unknown,unknown,Alive|Alive,unknown,#N/A,
A01R,29|1065,unknown|unknown,608,Alive|Alive,unknown,#N/A,
4750,244|244|244,unknown|unknown|unknown,unknown,Alive|Alive|Alive,unknown,#N/A,
3662,0|184,unknown|unknown,unknown,Alive|Alive,unknown,#N/A,
6924,89|435,unknown|unknown,unknown,Alive|Alive,unknown,#N/A,
6598,unknown|unknown,1503|1503,unknown,Dead|Dead,unknown,#N/A,
6140,125|356|734,unknown|unknown|unknown,unknown,Alive|Alive|Alive,unknown,#N/A,
3556,0|700,unknown|unknown,unknown,Alive|Alive,unknown,#N/A,
6747,89|unknown|2523,unknown|unknown|unknown,unknown,Alive|Alive|Alive,unknown,#N/A,
3688,0|578,unknown|unknown,unknown,Alive|Alive,unknown,#N/A,
A28A,805|805,805|805,unknown,Dead|Dead,unknown,#N/A,
3866,0|518,unknown|unknown,unknown,Alive|Alive,unknown,#N/A,
3861,0|914,unknown|unknown,unknown,Alive|Alive,unknown,#N/A,
3815,0|1005,unknown|unknown,unknown,Alive|Alive,unknown,#N/A,
A0XD,unknown|unknown|unknown|unknown,743|743|743|743,574|617|484,Dead|Dead|Dead|Dead,unknown,#N/A,
6531,17|540,unknown|unknown,unknown,Alive|Alive,unknown,#N/A,
6168,181|181|395,unknown|unknown|unknown,unknown,Alive|Alive|Alive,unknown,#N/A,
6807,16|494|944|1309,unknown|unknown|unknown|unknown,unknown,Alive|Alive|Alive|Alive,unknown,#N/A,
6931,43|365,unknown|unknown,unknown,Alive|Alive,unknown,#N/A,
4308,1715|2048|2289|3324,unknown|unknown|unknown|unknown,unknown,Alive|Alive|Alive|Alive,unknown,#N/A,
3692,0|unknown,unknown|1095,396,Alive|Dead,unknown,#N/A,
2679,595|595|778|1366,unknown|unknown|unknown|unknown,unknown,Alive|Alive|Alive|Alive,unknown,#N/A,
4744,214|214|609,unknown|unknown|unknown,unknown,Alive|Alive|Alive,unknown,#N/A,
3667,0|426,unknown|unknown,unknown,Alive|Alive,unknown,#N/A,
3966,61,unknown,unknown,Alive,unknown,#N/A,
3534,0|882,unknown|unknown,unknown,Alive|Alive,unknown,#N/A,
3818,unknown,30,unknown,Dead,unknown,#N/A,
2677,541|541|unknown,unknown|unknown|740,unknown,Alive|Alive|Dead,unknown,#N/A,
A01X,30|791,unknown|unknown,791,Alive|Alive,unknown,#N/A,
3984,0,unknown,unknown,Alive,unknown,#N/A,
3509,0|1915,unknown|unknown,unknown,Alive|Alive,unknown,#N/A,
A02E,unknown,90,unknown,Dead,unknown,#N/A,
5900,2|370,unknown|unknown,unknown,Alive|Alive,unknown,#N/A,
2674,523|523|761|1331,unknown|unknown|unknown|unknown,735|1219,Alive|Alive|Alive|Alive,unknown,#N/A,
A5Z1,202|unknown,unknown|256,unknown,Alive|Dead,unknown,#N/A,
6751,3136|3780,unknown|unknown,unknown,Alive|Alive,unknown,#N/A,
6674,150|150|394,unknown|unknown|unknown,unknown,Alive|Alive|Alive,unknown,#N/A,
4070,unknown|unknown,496|496,186,Dead|Dead,unknown,#N/A,
5665,286|404|671,unknown|unknown|unknown,529,Alive|Alive|Alive,unknown,#N/A,
A1D0,3625|3974,unknown|unknown,unknown,Alive|Alive,3625,#N/A,
A00U,31|518,unknown|unknown,unknown,Alive|Alive,unknown,#N/A,
A01G,31|365,unknown|unknown,unknown,Alive|Alive,unknown,#N/A,
3514,0|31,unknown|unknown,unknown,Alive|Alive,unknown,#N/A,
6164,487|487|883,unknown|unknown|unknown,unknown,Alive|Alive|Alive,unknown,#N/A,
6927,67|287|unknown,unknown|unknown|unknown,unknown,Alive|Alive|unknown,unknown,#N/A,
2684,387|387|1127,unknown|unknown|unknown,976,Alive|Alive|Alive,unknown,#N/A,
3684,0,unknown,unknown,Alive,unknown,#N/A,
2671,648|648|802|1126|unknown,unknown|unknown|unknown|unknown|1331,535|830|1215,Alive|Alive|Alive|Alive|Dead,unknown,#N/A,
A5EK,13|500,unknown|unknown,unknown,Alive|Alive,unknown,#N/A,
6889,1720|2056|unknown,unknown|unknown|2532,1516,Alive|Alive|Dead,unknown,#N/A,
3850,unknown,0,unknown,Dead,unknown,#N/A,
5660,342|342|888,unknown|unknown|unknown,unknown,Alive|Alive|Alive,unknown,#N/A,
3554,0|546,unknown|unknown,unknown,Alive|Alive,unknown,#N/A,
3492,0|unknown,unknown|92,unknown,Alive|Dead,unknown,#N/A,
6295,254|254,unknown|unknown,unknown,Alive|Alive,unknown,#N/A,
3808,279|279|1014,unknown|unknown|unknown,unknown,Alive|Alive|Alive,unknown,#N/A,
6605,unknown|unknown,159|159,unknown,Dead|Dead,unknown,#N/A,
3877,30|943,unknown|unknown,unknown,Alive|Alive,unknown,#N/A,
3527,0,unknown,unknown,Alive,unknown,#N/A,
A8F8,167|unknown,unknown|511,unknown,Alive|Dead,unknown,#N/A,
3980,0|822,unknown|unknown,unknown,Alive|Alive,unknown,#N/A,
3529,unknown,0,unknown,Dead,unknown,#N/A,
6964,23|unknown,unknown|331,325,Alive|Dead,unknown,#N/A,
2683,472|472|unknown,unknown|unknown|504,300,Alive|Alive|Dead,unknown,#N/A,
6533,40|775,unknown|unknown,unknown,Alive|Alive,unknown,#N/A,
4743,184|184|701,unknown|unknown|unknown,unknown,Alive|Alive|Alive,unknown,#N/A,
A1HB,3786|4126,unknown|unknown,unknown,Alive|Alive,3786,#N/A,
6323,201|419,unknown|unknown,unknown,Alive|Alive,unknown,#N/A,
6386,169|360|542,unknown|unknown|unknown,unknown,Alive|Alive|Alive,unknown,#N/A,
5541,202|350|1701,unknown|unknown|unknown,unknown,Alive|Alive|Alive,unknown,#N/A,
3972,0|1551,unknown|unknown,1216,Alive|Alive,unknown,#N/A,
3663,31|212,unknown|unknown,unknown,Alive|Alive,unknown,#N/A,
A565,unknown|unknown,494|494,301|439,Dead|Dead,unknown,#N/A,
6808,14|1024,unknown|unknown,unknown,Alive|Alive,unknown,#N/A,
A00O,0|822,unknown|unknown,unknown,Alive|Alive,unknown,#N/A,
6307,1485|1674,unknown|unknown,unknown,Alive|Alive,unknown,#N/A,
3494,31,unknown,unknown,Alive,unknown,#N/A,
5913,853|1561,unknown|unknown,unknown,Alive|Alive,unknown,#N/A,
3655,0|1856,unknown|unknown,unknown,Alive|Alive,unknown,#N/A,
6310,1205|1372|1935,unknown|unknown|unknown,unknown,Alive|Alive|Alive,unknown,#N/A,
6680,91|91|366,unknown|unknown|unknown,unknown,Alive|Alive|Alive,unknown,#N/A,
6627,1434|1434|2275,unknown|unknown|unknown,1003,Alive|Alive|Alive,unknown,#N/A,
2670,424|424|775,unknown|unknown|unknown,unknown,Alive|Alive|Alive,424,#N/A,
3511,0|212,unknown|unknown,59,Alive|Alive,unknown,#N/A,
6303,1882|unknown,unknown|2003,872,Alive|Dead,unknown,#N/A,
A7HO,1829|1829|1829,unknown|unknown|unknown,506|506|1801,Alive|Alive|Alive,unknown,#N/A,
3971,0|489,unknown|unknown,unknown,Alive|Alive,unknown,#N/A,
6172,212|212|335,unknown|unknown|unknown,unknown,Alive|Alive|Alive,unknown,#N/A,
5538,204|373|unknown,unknown|unknown|1661,1007,Alive|Alive|Dead,unknown,#N/A,
A010,0|1064,unknown|unknown,unknown,Alive|Alive,unknown,#N/A,
6529,260|614,unknown|unknown,386,Alive|Alive,unknown,#N/A,
A01K,31|943,unknown|unknown,unknown,Alive|Alive,unknown,#N/A,
A00Q,0|1278,unknown|unknown,unknown,Alive|Alive,unknown,#N/A,
A01I,31|943,unknown|unknown,unknown,Alive|Alive,unknown,#N/A,
6170,242|242|457,unknown|unknown|unknown,unknown,Alive|Alive|Alive,unknown,#N/A,
3856,30,unknown,unknown,Alive,unknown,#N/A,
6161,212|212|457,unknown|unknown|unknown,unknown,Alive|Alive|Alive,unknown,#N/A,
4313,957|1532|2310,unknown|unknown|unknown,unknown,Alive|Alive|Alive,unknown,#N/A,
6167,122|122|456,unknown|unknown|unknown,unknown,Alive|Alive|Alive,unknown,#N/A,
6004,203|824,unknown|unknown,unknown,Alive|Alive,unknown,#N/A,
6169,243|243|396,unknown|unknown|unknown,unknown,Alive|Alive|Alive,unknown,#N/A,
5820,14|unknown,unknown|unknown,unknown,Alive|unknown,unknown,#N/A,
A5IV,85|588,unknown|unknown,unknown,Alive|Alive,unknown,#N/A,
A00A,0|1157,unknown|unknown,unknown,Alive|Alive,unknown,#N/A,
3854,31|1096,unknown|unknown,unknown,Alive|Alive,unknown,#N/A,
6320,678|804,unknown|unknown,unknown,Alive|Alive,unknown,#N/A,
A1D6,1518|1518,1518|1518,unknown,Dead|Dead,1518,#N/A,
3695,0,unknown,unknown,Alive,unknown,#N/A,
5659,286|286|926,unknown|unknown|unknown,unknown,Alive|Alive|Alive,unknown,#N/A,
A01T,31|1005,unknown|unknown,unknown,Alive|Alive,unknown,#N/A,
3845,unknown,0,unknown,Dead,unknown,#N/A,
6297,2289|2506|2506|2506,unknown|unknown|unknown|unknown,1013|2394|439,Alive|Alive|Alive|Alive,unknown,#N/A,
A01C,30|457,unknown|unknown,unknown,Alive|Alive,unknown,#N/A,
A00R,30,unknown,unknown,Alive,unknown,#N/A,
3955,0|638,unknown|unknown,unknown,Alive|Alive,unknown,#N/A,
6854,16|16,unknown|unknown,unknown,Alive|Alive,unknown,#N/A,
3488,unknown,153,unknown,Dead,unknown,#N/A,
6162,212|212|365,unknown|unknown|unknown,unknown,Alive|Alive|Alive,unknown,#N/A,
5797,8|100|383,unknown|unknown|unknown,unknown,Alive|Alive|Alive,unknown,#N/A,
A02K,0|unknown,unknown|426,306,Alive|Dead,unknown,#N/A,
3553,0|730,unknown|unknown,unknown,Alive|Alive,unknown,#N/A,
A01D,30|unknown,unknown|334,183,Alive|Dead,unknown,#N/A,
5349,335|335|579|915,unknown|unknown|unknown|unknown,unknown,Alive|Alive|Alive|Alive,unknown,#N/A,
6541,108|474,unknown|unknown,unknown,Alive|Alive,unknown,#N/A,
4748,214|214|792,unknown|unknown|unknown,unknown,Alive|Alive|Alive,unknown,#N/A,
6165,212|212|488,unknown|unknown|unknown,unknown,Alive|Alive|Alive,unknown,#N/A,
6654,178|399|726,unknown|unknown|unknown,unknown,Alive|Alive|Alive,unknown,#N/A,
5662,297|453|718|718,unknown|unknown|unknown|unknown,495|661,Alive|Alive|Alive|Alive,unknown,#N/A,
A6GA,182|unknown,unknown|302,106|6,Alive|Dead,unknown,#N/A,
3666,unknown,61,unknown,Dead,unknown,#N/A,
A50T,125|553,unknown|unknown,unknown,Alive|Alive,unknown,#N/A,
A50V,154|588,unknown|unknown,unknown,Alive|Alive,unknown,#N/A,
3810,247|247|1111,unknown|unknown|unknown,unknown,Alive|Alive|Alive,unknown,#N/A,
6805,16|496|1047,unknown|unknown|unknown,unknown,Alive|Alive|Alive,unknown,#N/A,
3560,0|608,unknown|unknown,unknown,Alive|Alive,unknown,#N/A,
A50U,unknown,334,276,Dead,unknown,#N/A,
6302,1310|unknown,unknown|2047,unknown,Alive|Dead,unknown,#N/A,
5860,304|304|487|974,unknown|unknown|unknown|unknown,unknown,Alive|Alive|Alive|Alive,unknown,#N/A,
3530,0|580,unknown|unknown,unknown,Alive|Alive,unknown,#N/A,
6653,91|282|742,unknown|unknown|unknown,unknown,Alive|Alive|Alive,unknown,#N/A,
A00Z,31|669,unknown|unknown,unknown,Alive|Alive,unknown,#N/A,
5255,2|93|376,unknown|unknown|unknown,unknown,Alive|Alive|Alive,unknown,#N/A,
3977,31|761,unknown|unknown,unknown,Alive|Alive,unknown,#N/A,
3819,0|761,unknown|unknown,unknown,Alive|Alive,unknown,#N/A,
5667,320|320|887,unknown|unknown|unknown,unknown,Alive|Alive|Alive,unknown,#N/A,
3518,31,unknown,unknown,Alive,unknown,#N/A,
5864,61|61|457,unknown|unknown|unknown,unknown,Alive|Alive|Alive,unknown,#N/A,
6676,153|153|337,unknown|unknown|unknown,unknown,Alive|Alive|Alive,unknown,#N/A,
6461,0|unknown,unknown|338,288,Alive|Dead,unknown,#N/A,
A5ZU,117|293,unknown|unknown,unknown,Alive|Alive,unknown,#N/A,
6196,6|6|unknown,unknown|unknown|unknown,unknown,Alive|Alive|Alive,unknown,#N/A,
A029,120|1581,unknown|unknown,unknown,Alive|Alive,unknown,#N/A,
A28E,3530|3648,unknown|unknown,unknown,Alive|Alive,unknown,#N/A,
6679,122|122|306,unknown|unknown|unknown,unknown,Alive|Alive|Alive,unknown,#N/A,
6716,8|371,unknown|unknown,unknown,Alive|Alive,unknown,#N/A,
3710,31|821,unknown|unknown,unknown,Alive|Alive,unknown,#N/A,
6928,20|354,unknown|unknown,unknown,Alive|Alive,unknown,#N/A,
3713,30|579,unknown|unknown,unknown,Alive|Alive,unknown,#N/A,
5863,304|304|457,unknown|unknown|unknown,unknown,Alive|Alive|Alive,unknown,#N/A,
6141,130|255|unknown,unknown|unknown|unknown,unknown,Alive|Alive|unknown,unknown,#N/A,
3870,0|912,unknown|unknown,unknown,Alive|Alive,unknown,#N/A,
A02Y,31|1216,unknown|unknown,unknown,Alive|Alive,unknown,#N/A,
6651,249|259|662,unknown|unknown|unknown,unknown,Alive|Alive|Alive,unknown,#N/A,
6677,153|153|337,unknown|unknown|unknown,unknown,Alive|Alive|Alive,unknown,#N/A,
3982,0|822,unknown|unknown,unknown,Alive|Alive,unknown,#N/A,
6652,135|456|751,unknown|unknown|unknown,unknown,Alive|Alive|Alive,unknown,#N/A,
A71X,235|588,unknown|unknown,unknown,Alive|Alive,unknown,#N/A,
6855,42|1077|651|1442,unknown|unknown|unknown|unknown,unknown,Alive|Alive|Alive|Alive,unknown,#N/A,
6607,unknown|unknown,97|97,unknown,Dead|Dead,unknown,#N/A,
3833,0|485,unknown|unknown,unknown,Alive|Alive,unknown,#N/A,
